{
    "embed_dim": 768,
    "custom_text": true,
    "init_logit_bias": -10,
    "vision_cfg": {
        "image_size": 384,
        "timm_model_name": "vit_base_patch16_siglip_384",
        "timm_model_pretrained": false,
        "timm_pool": "map",
        "timm_proj": "none"
    },
    "text_cfg": {
        "hf_model_name": "facebook/nllb-200-distilled-600M",
        "hf_tokenizer_name": "facebook/nllb-200-distilled-600M",
        "hf_proj_type": "linear",
        "hf_pooler_type": "cls_pooler"
    }
}