{
    "embed_dim": 768,
    "init_logit_bias": -10,
    "custom_text": true,
    "vision_cfg": {
        "image_size": 224,
        "timm_model_name": "vit_base_patch16_siglip_224",
        "timm_model_pretrained": false,
        "timm_pool": "map",
        "timm_proj": "none"
    },
    "text_cfg": {
        "context_length": 64,
        "vocab_size": 256000,
        "hf_tokenizer_name": "timm/ViT-B-16-SigLIP2",
        "tokenizer_kwargs": {
            "clean": "canonicalize"
        },
        "width": 768,
        "heads": 12,
        "layers": 12,
        "no_causal_mask": true,
        "proj_bias": true,
        "pool_type": "last",
        "norm_kwargs":{
            "eps": 1e-6
        },
        "act_kwargs": {
            "approximate": "tanh"
        }
    }
}